utqs-baitlc,utexas-baitlc,https://baitlc.utexas.edu
utqs-mrsec,utexas-mrsec,https://mrsec.utexas.edu
utqs-health-ipe,utexas-health-ipe,https://healthipe.utexas.edu
utqs-msims,utexas-msisp,https://msisp.ischool.utexas.edu
utqs-texcep,utexas-texcep,https://texcep.education.utexas.edu
utqs-mesoamerica,utexas-mesoamerica,https://utmesoamerica.org
utqs-offcampus,utexas-offcampus,https://offcampus.utexas.edu
utqs-parents-association,utexas-parents-assoc,https://parents.utexas.edu
utqs-faculty-council,utexas-faculty-council,https://facultycouncil.utexas.edu
utqs-budget,utexas-budget,https://budget.utexas.edu
utqs-business-contracts,utexas-business-contracts,https://businesscontracts.utexas.edu
utqs-payroll,utexas-payroll,https://payroll.utexas.edu
utqs-purchasing,utexas-purchasing,https://purchasing.utexas.edu
utqs-gradschool,utexas-gradschool-utdk2,https://gradschool.utexas.edu
utqs-dobie-paisano,utexas-dobie-paisano,https://dobiepaisano.utexas.edu
utqs-zoom,utexas-zoom,https://zoom.its.utexas.edu
utqs-it-governance,utexas-itlc,https://itlc.utexas.edu
utqs-office-365,utexas-office-365,https://office365.utexas.edu
utqs-datacenters,utexas-datacenters,https://datacenters.utexas.edu
utqs-webpublishing,utexas-webpublishing,https://webpublishing.utexas.edu
utqs-kbh,utexas-kbh,https://kbhenergycenter.utexas.edu
utqs-lbj-50,utexas-lbj-50,https://lbj50.org
utqs-chasp,utexas-chasp,https://chasp.lbj.utexas.edu
utqs-csrd,utexas-csrd,https://csrd.lbj.utexas.edu
utqs-child-family-research,utexas-child-family-research,https://childandfamilyresearch.utexas.edu
utqs-impact-factory,utexas-impact-factory,https://theimpactfactory.org
utqs-urban-lab,utexas-urban-lab,https://urbanlab.lbj.utexas.edu
utqs-lbj-wcs,utexas-lbj-wcs,https://lbjwcs.lbj.utexas.edu
utqs-commcouncil,utexas-commcouncil,https://commcouncil.utexas.org
utqs-trademarks,utexas-trademarks,https://trademarks.utexas.edu
utqs-internal-audits,utexas-internal-audits,https://audit.utexas.edu
utqs-ombuds,utexas-ombuds,https://ombuds.utexas.edu
utqs-legal-affairs,utexas-legal,https://legal.utexas.edu
utqs-staff-council,utexas-staff-council,https://staffcouncil.utexas.edu
utqs-texas-memorial-museum,utexas-texas-memorial-museum,https://tmm.utexas.edu
utqs-texas-metro-observatory,utexas-texas-metro-observatory,https://tmo.utexas.edu
utqs-ttap,utexas-ttap,https://ttap.disabilitystudies.utexas.edu
utqs-compliance,utexas-compliance,https://compliance.utexas.edu
utqs-title-ix,utexas-title-ix,https://titleix.utexas.edu
utqs-student-affairs,utexas-student-affairs,https://studentaffairs.utexas.edu
utqs-waggoner-center,utexas-waggoner,https://waggonercenter.utexas.edu
utqs-covid-resource-guide,utexas-whole-health,https://covid.wholecommunities.utexas.edu
